{
  "ALABAMA": [
    -90.17260409023035,
    29.386061130288326,
    -82.408373797,
    36.157712250004884
  ],
  "ALASKA": [
    -164.72982245902784,
    54.061932350717164,
    -130.10020575988386,
    70.01842313294497
  ],
  "ARIZONA": [
    -116.706025965,
    31.414320921815737,
    -104.626370228,
    44.452492847
  ],
  "ARKANSAS": [
    -107.599689157,
    32.024036195,
    -88.848301861,
    40.383133781
  ],
  "CALIFORNIA": [
    -125.29182992907519,
    29.969152761,
    -104.626370228,
    44.452492847
  ],
  "COLORADO": [
    -110.29502680690366,
    34.55843447401497,
    -101.298557524,
    42.641968233581416
  ],
  "CONNECTICUT": [
    -74.738023235,
    40.024334395,
    -70.07135738290928,
    46.302505309
  ],
  "DELAWARE": [
    -76.98785195003727,
    37.504508019,
    -74.099779071,
    41.146710566314106
  ],
  "FLORIDA": [
    -114.938114518,
    23.840376313,
    -76.839194468,
    50.739168924
  ],
  "GEORGIA": [
    -86.6600543025732,
    29.089026957,
    -80.068027213,
    36.17292630445823
  ],
  "HAWAII": [
    -160.67770188084495,
    18.20707074069973,
    -154.150522318254,
    23.185167638524206
  ],
  "IDAHO": [
    -119.280078127,
    39.71018560571379,
    -108.76216435989362,
    50.000211541863436
  ],
  "ILLINOIS": [
    -114.938114518,
    33.111647794,
    -76.839194468,
    50.739168924
  ],
  "INDIANA": [
    -89.45735342,
    35.117428347,
    -76.839194468,
    43.449915093
  ],
  "IOWA": [
    -114.938114518,
    39.59140261507663,
    -87.91749356,
    50.739168924
  ],
  "KANSAS": [
    -114.938114518,
    35.641759747,
    -92.582649534,
    50.739168924
  ],
  "KENTUCKY": [
    -89.97243699993261,
    33.111647794,
    -76.839194468,
    43.449915093
  ],
  "LOUISIANA": [
    -114.938114518,
    28.233873919,
    -76.839194468,
    50.739168924
  ],
  "MAINE": [
    -72.52286662797755,
    42.370360160358025,
    -66.238423176,
    48.836925805
  ],
  "MARYLAND": [
    -80.69973688814997,
    36.881551337,
    -73.580740981,
    43.987379378
  ],
  "MASSACHUSETTS": [
    -74.51358845696879,
    40.57973359570102,
    -69.01585800210009,
    46.302505309
  ],
  "MICHIGAN": [
    -91.12368099948085,
    40.265450249041486,
    -79.63766551,
    48.350916528580896
  ],
  "MINNESOTA": [
    -101.599259434,
    42.23092098638994,
    -88.383689402,
    50.526384998
  ],
  "MISSISSIPPI": [
    -114.938114518,
    29.347839606,
    -76.839194468,
    50.739168924
  ],
  "MISSOURI": [
    -114.938114518,
    35.35173836434847,
    -84.889461353,
    50.739168924
  ],
  "MONTANA": [
    -116.76311080961032,
    41.46583549,
    -102.802059503,
    50.739168924
  ],
  "NEBRASKA": [
    -114.938114518,
    37.752933356,
    -93.635175927,
    50.739168924
  ],
  "NEVADA": [
    -121.46512618093132,
    32.875745635,
    -104.626370228,
    44.452492847
  ],
  "NEW_HAMPSHIRE": [
    -73.98165158261803,
    41.6526260227828,
    -69.50626908168086,
    46.3476674084653
  ],
  "NEW_JERSEY": [
    -77.00890481983248,
    38.26776944397756,
    -72.90846215583235,
    43.46270412791138
  ],
  "NEW_MEXICO": [
    -110.22231744391354,
    30.552326685068127,
    -102.29694321658909,
    39.45783322303014
  ],
  "NEW_YORK": [
    -80.57008891541803,
    39.511988765,
    -71.68545824938086,
    46.01590867940014
  ],
  "NORTH_CAROLINA": [
    -85.03819744240162,
    33.01353781118574,
    -75.74058915052814,
    38.521084368
  ],
  "NORTH_DAKOTA": [
    -114.938114518,
    41.46583549,
    -93.048578836,
    51.552311417
  ],
  "OHIO": [
    -86.33178312527801,
    35.117428347,
    -76.839194468,
    43.449915093
  ],
  "OKLAHOMA": [
    -107.599689157,
    32.387460502,
    -92.58028604137156,
    40.383133781
  ],
  "OREGON": [
    -125.287698632,
    40.127825387,
    -108.762520998,
    53.880081226
  ],
  "PENNSYLVANIA": [
    -82.278744681,
    37.392327737,
    -73.35796060113664,
    43.987399290422594
  ],
  "RHODE_ISLAND": [
    -72.933153500101,
    40.34462453170139,
    -70.25117500899114,
    43.350770756286494
  ],
  "SOUTH_CAROLINA": [
    -84.668251426,
    31.205675944,
    -77.208858705,
    37.674786934687496
  ],
  "SOUTH_DAKOTA": [
    -114.938114518,
    41.465905257,
    -94.60912546,
    50.739168924
  ],
  "TENNESSEE": [
    -114.938114518,
    33.111647794,
    -76.839194468,
    50.739168924
  ],
  "TEXAS": [
    -109.393726618,
    23.839660734,
    -92.14543957558914,
    38.97470017
  ],
  "UTAH": [
    -115.29276870184557,
    34.558268463,
    -104.626370228,
    44.452492847
  ],
  "VERMONT": [
    -74.337346384,
    41.76775063750239,
    -70.072558349,
    46.397700422
  ],
  "VIRGINIA": [
    -84.13502174310786,
    35.11716020013112,
    -75.66917714843493,
    40.31819877899324
  ],
  "WASHINGTON": [
    -125.660713918,
    40.127825387,
    -108.762520998,
    53.880081226
  ],
  "WEST_VIRGINIA": [
    -83.824947738,
    35.11716020013112,
    -76.38780277036393,
    43.449915093
  ],
  "WISCONSIN": [
    -94.62478275,
    41.43204028536629,
    -86.48766000770867,
    47.73379058265694
  ],
  "WYOMING": [
    -112.51113043372814,
    39.322991433721874,
    -102.92837569951935,
    46.21898803042188
  ]
}